Event Type,Event ID,Event Name,Invited/Assigned,Attendees/Completed,Due to Date
Skill,1.0,Python,"Abdallah-Allam
Abdelrahman M. Abdel-Fattah
Mohamed H. Shaban
Youssef Hammam Masoud
Youssef Wagdy El-Sayed
Assem Walid Khamis
Mohamed Farhat Nasr
Mostafa Ahmed Sayed
Ezzat A. Ahmed Mbrok
Fares Ibrahim Mohamed
Ibrahim Faraj Abdel-Mawgoud
Ahmed Fathy Ahmed
Nour Yasser Zakaria
Amani Bilal Abu Zeid
Shams Mohamed Abdel-Hakim
Manar Moussa Saeed
Malak Ahmed Mohamed
Alaa Mohamed El-Hefny
Samah Mahdy Salah
Yasmin Samir Abdessalam
Asmaa Ashraf Attia
Shams Mohamed Jaber
Shaymaa Emad Mohamed","Youssef Hammam Masoud
Youssef Wagdy El-Sayed
Assem Walid Khamis
Mohamed Farhat Nasr
Mostafa Ahmed Sayed
Ezzat A. Ahmed Mbrok
Fares Ibrahim Mohamed
Ibrahim Faraj Abdel-Mawgoud",2026-07-30
Meet,2.0,bbb,"Abdallah-Allam
",Abdallah-Allam,2026-07-30
